state,city_slug,address_slug,locator_url,http_status,final_url,bytes,sha256,hydration_object_count,entity_ids,yext_c_openDate_raw,yext_c_openDate,yext_c_openDate_path,yext_c_openDate_source,yext_c_openDate_all,yext_c_openDate_candidate_count,yext_c_approvalDate_raw,yext_c_approvalDate,yext_c_approvalDate_path,yext_c_approvalDate_source,yext_c_approvalDate_all,yext_c_approvalDate_candidate_count,parse_status,error,retrieved_at_utc
AL,alabaster,9207-highway-119,https://locations.7brew.com/al/alabaster/9207-highway-119,200,https://locations.7brew.com/al/alabaster/9207-highway-119,523301,5365ef7105c495a6f9c4678176a3eff9270eb0cbb28ac6e084854f1a27bb4d13,1,,h%20speed%20and%20a%20smile.%20Visit%20our%20drive-thru%20today%20at%209207%20Highway%20119%22%2C%22c_openDate%22%3A%222025-06-23%22%2C%22c_pageTitle%22%3A%22Drive-Thru%20Coffee%20in%20Alabaster%2C%20AL%20%7C%20Visit%207%20Brew%20at%209207%20Highway%20119%22%2C%22c_pagesURL%22%3A%22https%3A%2F%2Flocations.7brew.com%2Fal%2Falabaster%2F9207-highway-119%22%2C%22c_promoBanner1%22%3A%7B%22button%22%3A%7B%22label%22%3A%22Apply%20Today%22%2C%22link%22%3A%22https%3A%2F%2Fsouthernbrew.7brewcareers.com%2F,2025-06-23,offset:39241,raw_layer[0],2025-06-23,32,,,,,,0,FOUND,,2026-07-12T22:51:22.150963+00:00
AL,athens,15383-flinders-ln,https://locations.7brew.com/al/athens/15383-flinders-ln,200,https://locations.7brew.com/al/athens/15383-flinders-ln,456531,f0036b2649d3d827b97f97216f33afb428167bc52e0a78bc584d264692153ccb,1,,,,,,,0,,,,,,0,FIELD_NOT_FOUND,,2026-07-12T22:51:22.845411+00:00
AL,auburn,1615-east-university-drive,https://locations.7brew.com/al/auburn/1615-east-university-drive,200,https://locations.7brew.com/al/auburn/1615-east-university-drive,475427,b3186d0e4e364f3cf6e3692f8f4ce7360f40e0b5587f29105dc01a72fa8960ff,1,,,,,,,0,,,,,,0,FIELD_NOT_FOUND,,2026-07-12T22:51:23.699123+00:00
AL,bay-minette,131-mcmeans-ave,https://locations.7brew.com/al/bay-minette/131-mcmeans-ave,200,https://locations.7brew.com/al/bay-minette/131-mcmeans-ave,434401,377c635c799d2fe076d43968a102e2d60d0a14e8e2f1d9ead5d54214f5625c12,1,,,,,,,0,,,,,,0,FIELD_NOT_FOUND,,2026-07-12T22:51:24.323130+00:00
AL,birmingham,1353-montclair-road,https://locations.7brew.com/al/birmingham/1353-montclair-road,200,https://locations.7brew.com/al/birmingham/1353-montclair-road,111693,8e1b56c203a65e70b5ab04a12724162d53e7dc79ecb4a72cea313d23b15d03ed,1,,0speed%20and%20a%20smile.%20Visit%20our%20drive-thru%20today%20at%201353%20Montclair%20Road%22%2C%22c_openDate%22%3A%222025-04-14%22%2C%22c_pageTitle%22%3A%22Drive-Thru%20Coffee%20in%20Birmingham%2C%20AL%20%7C%20Visit%207%20Brew%20at%201353%20Montclair%20Road%22%2C%22c_pagesURL%22%3A%22https%3A%2F%2Flocations.7brew.com%2Fal%2Fbirmingham%2F1353-montclair-road%22%2C%22c_promoBanner1%22%3A%7B%22button%22%3A%7B%22label%22%3A%22Apply%20Today%22%2C%22link%22%3A%22https%3A%2F%2Fsouthernbrew.7brewcareer,2025-04-14,offset:35917,raw_layer[0],2025-04-14,24,,,,,,0,FOUND,,2026-07-12T22:51:24.709577+00:00
AL,birmingham,7015-meadowlark-drive,https://locations.7brew.com/al/birmingham/7015-meadowlark-drive,200,https://locations.7brew.com/al/birmingham/7015-meadowlark-drive,123051,fa5b8569c201c4fec416ab22d44daac71c8fe1902abd638a046c0768ae47c58f,1,,peed%20and%20a%20smile.%20Visit%20our%20drive-thru%20today%20at%207015%20Meadowlark%20Drive%22%2C%22c_openDate%22%3A%222026-04-06%22%2C%22c_pageTitle%22%3A%22Drive-Thru%20Coffee%20in%20Birmingham%2C%20AL%20%7C%20Visit%207%20Brew%20at%207015%20Meadowlark%20Drive%22%2C%22c_pagesURL%22%3A%22https%3A%2F%2Flocations.7brew.com%2Fal%2Fbirmingham%2F7015-meadowlark-drive%22%2C%22c_promoBanner1%22%3A%7B%22button%22%3A%7B%22label%22%3A%22Apply%20Today%22%2C%22link%22%3A%22https%3A%2F%2Fbrewtopia.7brewcaree,2026-04-06,offset:40200,raw_layer[0],2026-04-06,24,,,,,,0,FOUND,,2026-07-12T22:51:25.082429+00:00
AL,calera,5065-us-31,https://locations.7brew.com/al/calera/5065-us-31,200,https://locations.7brew.com/al/calera/5065-us-31,487388,23754866014e6d6bf4a22fbcedfd48121f7eb0ffc8645dcc424d03d9ad1eb227,1,,,,,,,0,,,,,,0,FIELD_NOT_FOUND,,2026-07-12T22:51:25.800627+00:00
AL,chelsea,9-stanley-drive,https://locations.7brew.com/al/chelsea/9-stanley-drive,200,https://locations.7brew.com/al/chelsea/9-stanley-drive,525687,609c7fba3aa214892dd605ce1a558c88063a64bf591a88d544297a52f28c418d,1,,th%20speed%20and%20a%20smile.%20Visit%20our%20drive-thru%20today%20at%209%20Stanley%20Drive%22%2C%22c_openDate%22%3A%222025-07-07%22%2C%22c_pageTitle%22%3A%22Drive-Thru%20Coffee%20in%20Chelsea%2C%20AL%20%7C%20Visit%207%20Brew%20at%209%20Stanley%20Drive%22%2C%22c_pagesURL%22%3A%22https%3A%2F%2Flocations.7brew.com%2Fal%2Fchelsea%2F9-stanley-drive%22%2C%22c_promoBanner1%22%3A%7B%22button%22%3A%7B%22label%22%3A%22Apply%20Today%22%2C%22link%22%3A%22https%3A%2F%2Fsouthernbrew.7brewcareers.com%2F%22%2C,2025-07-07,offset:39561,raw_layer[0],2025-07-07,24,,,,,,0,FOUND,,2026-07-12T22:51:26.644934+00:00
AL,cullman,1715-cherokee-avenue-southwest,https://locations.7brew.com/al/cullman/1715-cherokee-avenue-southwest,200,https://locations.7brew.com/al/cullman/1715-cherokee-avenue-southwest,518785,33f8424512157e602a3bf74cb86e6e8b524f2d7b10f770b4c01476ec5fdd36a3,1,,20a%20smile.%20Visit%20our%20drive-thru%20today%20at%201715%20Cherokee%20Avenue%20Southwest%22%2C%22c_openDate%22%3A%222025-02-10%22%2C%22c_pageTitle%22%3A%22Drive-Thru%20Coffee%20in%20Cullman%2C%20AL%20%7C%20Visit%207%20Brew%20at%201715%20Cherokee%20Avenue%20Southwest%22%2C%22c_pagesURL%22%3A%22https%3A%2F%2Flocations.7brew.com%2Fal%2Fcullman%2F1715-cherokee-avenue-southwest%22%2C%22c_promoBanner1%22%3A%7B%22button%22%3A%7B%22label%22%3A%22Apply%20Today%22%2C%22link%22%3A%22https%3A%2F%2Fsouthe,2025-02-10,offset:39343,raw_layer[0],2025-02-10,32,,,,,,0,FOUND,,2026-07-12T22:51:27.536145+00:00
AL,daphne,10024-papa-george-st,https://locations.7brew.com/al/daphne/10024-papa-george-st,200,https://locations.7brew.com/al/daphne/10024-papa-george-st,548421,94e88b186b2c6363d7e3effd1d33824e3580166b8fa1c6f79ebdb98411b57c46,1,,,,,,,0,,,,,,0,FIELD_NOT_FOUND,,2026-07-12T22:51:28.302805+00:00
AL,decatur,1102-6th-ave-se,https://locations.7brew.com/al/decatur/1102-6th-ave-se,200,https://locations.7brew.com/al/decatur/1102-6th-ave-se,504897,539fa65eb3d07721d8e721af64793202caf7d900c5a190cc2d6d7f8697b9219e,1,,,,,,,0,,,,,,0,FIELD_NOT_FOUND,,2026-07-12T22:51:29.047852+00:00
AL,decatur,928-beltline-rd,https://locations.7brew.com/al/decatur/928-beltline-rd,200,https://locations.7brew.com/al/decatur/928-beltline-rd,120951,f178acd454a4b9072bb9b0f3c418af3eb1b65762a590c3ea72a85659720e2a07,1,,,,,,,0,,,,,,0,FIELD_NOT_FOUND,,2026-07-12T22:51:29.541515+00:00
AL,dothan,1051-ross-clark-circle,https://locations.7brew.com/al/dothan/1051-ross-clark-circle,200,https://locations.7brew.com/al/dothan/1051-ross-clark-circle,599219,0c7bec70205c8d086f3782159a3a6ee4d2e417cb175a02a436bb9900d3346227,1,,d%20and%20a%20smile.%20Visit%20our%20drive-thru%20today%20at%201051%20Ross%20Clark%20Circle%22%2C%22c_openDate%22%3A%222025-10-20%22%2C%22c_pageTitle%22%3A%22Drive-Thru%20Coffee%20in%20Dothan%2C%20AL%20%7C%20Visit%207%20Brew%20at%201051%20Ross%20Clark%20Circle%22%2C%22c_pagesURL%22%3A%22https%3A%2F%2Flocations.7brew.com%2Fal%2Fdothan%2F1051-ross-clark-circle%22%2C%22c_promoBanner1%22%3A%7B%22button%22%3A%7B%22label%22%3A%22Apply%20Today%22%2C%22link%22%3A%22https%3A%2F%2Fbrewhorizons.7brewcareer,2025-10-20,offset:39643,raw_layer[0],2025-10-20,24,,,,,,0,FOUND,,2026-07-12T22:51:30.364795+00:00
AL,dothan,3488-ross-clark-circle,https://locations.7brew.com/al/dothan/3488-ross-clark-circle,200,https://locations.7brew.com/al/dothan/3488-ross-clark-circle,595110,246524464a3b1d5053374d552b0d180418fd0dce31b425968531b6d7089b0e46,1,,d%20and%20a%20smile.%20Visit%20our%20drive-thru%20today%20at%203488%20Ross%20Clark%20Circle%22%2C%22c_openDate%22%3A%222026-01-19%22%2C%22c_pageTitle%22%3A%22Drive-Thru%20Coffee%20in%20Dothan%2C%20AL%20%7C%20Visit%207%20Brew%20at%203488%20Ross%20Clark%20Circle%22%2C%22c_pagesURL%22%3A%22https%3A%2F%2Flocations.7brew.com%2Fal%2Fdothan%2F3488-ross-clark-circle%22%2C%22c_promoBanner1%22%3A%7B%22button%22%3A%7B%22label%22%3A%22Apply%20Today%22%2C%22link%22%3A%22https%3A%2F%2Fbrewhorizons.7brewcareer,2026-01-19,offset:39702,raw_layer[0],2026-01-19,32,,,,,,0,FOUND,,2026-07-12T22:51:31.310762+00:00
AL,enterprise,705-boll-weevil-circle,https://locations.7brew.com/al/enterprise/705-boll-weevil-circle,200,https://locations.7brew.com/al/enterprise/705-boll-weevil-circle,634791,75ba4fa1e8aa3ac3cc15830489551e01279d084b8fafe8d68b670ec1c14c0e6a,1,,d%20and%20a%20smile.%20Visit%20our%20drive-thru%20today%20at%20705%20Boll%20Weevil%20Circle%22%2C%22c_openDate%22%3A%222025-09-29%22%2C%22c_pageTitle%22%3A%22Drive-Thru%20Coffee%20in%20Enterprise%2C%20AL%20%7C%20Visit%207%20Brew%20at%20705%20Boll%20Weevil%20Circle%22%2C%22c_pagesURL%22%3A%22https%3A%2F%2Flocations.7brew.com%2Fal%2Fenterprise%2F705-boll-weevil-circle%22%2C%22c_promoBanner1%22%3A%7B%22button%22%3A%7B%22label%22%3A%22Apply%20Today%22%2C%22link%22%3A%22https%3A%2F%2Fbrewhorizons.7br,2025-09-29,offset:39657,raw_layer[0],2025-09-29,32,,,,,,0,FOUND,,2026-07-12T22:51:32.386374+00:00
AL,florence,344-cox-creek-pkwy,https://locations.7brew.com/al/florence/344-cox-creek-pkwy,200,https://locations.7brew.com/al/florence/344-cox-creek-pkwy,588427,8c9aa6d89ca1f6524f80abb33a2fdf63e8656356dfd60486f720f04278e2bdcd,1,,,,,,,0,,,,,,0,FIELD_NOT_FOUND,,2026-07-12T22:51:33.399979+00:00
AL,foley,3201-s-mckenzie-st,https://locations.7brew.com/al/foley/3201-s-mckenzie-st,200,https://locations.7brew.com/al/foley/3201-s-mckenzie-st,509528,5a0b9560e4d6b92c3abb5f2ba5e4c431d46ba7ddfea1aeee8d9fff6d5c556945,1,,,,,,,0,,,,,,0,FIELD_NOT_FOUND,,2026-07-12T22:51:34.246632+00:00
AL,fultondale,1504-main-street,https://locations.7brew.com/al/fultondale/1504-main-street,200,https://locations.7brew.com/al/fultondale/1504-main-street,508026,b6144c5cf77c74a1fa47f5f99264cf67cf64cc5c9cb992cb3050b8e7d02bcb88,1,,h%20speed%20and%20a%20smile.%20Visit%20our%20drive-thru%20today%20at%201504%20Main%20Street%22%2C%22c_openDate%22%3A%222025-12-01%22%2C%22c_pageTitle%22%3A%22Drive-Thru%20Coffee%20in%20Fultondale%2C%20AL%20%7C%20Visit%207%20Brew%20at%201504%20Main%20Street%22%2C%22c_pagesURL%22%3A%22https%3A%2F%2Flocations.7brew.com%2Fal%2Ffultondale%2F1504-main-street%22%2C%22c_promoBanner1%22%3A%7B%22button%22%3A%7B%22label%22%3A%22Apply%20Today%22%2C%22link%22%3A%22https%3A%2F%2Fsouthernbrew.7brewcareers.com%,2025-12-01,offset:39848,raw_layer[0],2025-12-01,24,,,,,,0,FOUND,,2026-07-12T22:51:35.055272+00:00
AL,gadsden,202-east-meighan-boulevard,https://locations.7brew.com/al/gadsden/202-east-meighan-boulevard,200,https://locations.7brew.com/al/gadsden/202-east-meighan-boulevard,570589,320a7738c26e677c4d8bf4badf7dab2907222efeef2cc4f76459e83e8e666b47,1,,and%20a%20smile.%20Visit%20our%20drive-thru%20today%20at%20202%20East%20Meighan%20Boulevard%22%2C%22c_openDate%22%3A%222025-11-10%22%2C%22c_pageTitle%22%3A%22Drive-Thru%20Coffee%20in%20Gadsden%2C%20AL%20%7C%20Visit%207%20Brew%20at%20202%20East%20Meighan%20Boulevard%22%2C%22c_pagesURL%22%3A%22https%3A%2F%2Flocations.7brew.com%2Fal%2Fgadsden%2F202-east-meighan-boulevard%22%2C%22c_promoBanner1%22%3A%7B%22button%22%3A%7B%22label%22%3A%22Apply%20Today%22%2C%22link%22%3A%22https%3A%2F%2Fsouthernbrew.7,2025-11-10,offset:39676,raw_layer[0],2025-11-10,24,,,,,,0,FOUND,,2026-07-12T22:51:35.859096+00:00
AL,helena,2633-helena-road,https://locations.7brew.com/al/helena/2633-helena-road,200,https://locations.7brew.com/al/helena/2633-helena-road,122334,027c3a302dd7fd8922291abd81fcca16408a4d1e4dcdb659e7a3105f6fd2fd43,1,,h%20speed%20and%20a%20smile.%20Visit%20our%20drive-thru%20today%20at%202633%20Helena%20Road%22%2C%22c_openDate%22%3A%222025-10-27%22%2C%22c_pageTitle%22%3A%22Drive-Thru%20Coffee%20in%20Helena%2C%20AL%20%7C%20Visit%207%20Brew%20at%202633%20Helena%20Road%22%2C%22c_pagesURL%22%3A%22https%3A%2F%2Flocations.7brew.com%2Fal%2Fhelena%2F2633-helena-road%22%2C%22c_promoBanner1%22%3A%7B%22button%22%3A%7B%22label%22%3A%22Apply%20Today%22%2C%22link%22%3A%22https%3A%2F%2Fsouthernbrew.7brewcareers.com%2F%22%2C,2025-10-27,offset:39449,raw_layer[0],2025-10-27,24,,,,,,0,FOUND,,2026-07-12T22:51:36.318041+00:00
AL,homewood,215-lakeshore-pkwy,https://locations.7brew.com/al/homewood/215-lakeshore-pkwy,200,https://locations.7brew.com/al/homewood/215-lakeshore-pkwy,486777,537181651c5ed88eb21c3fb81ac96bd6b71e285ad4703f68eec68a7952121a7d,1,,20speed%20and%20a%20smile.%20Visit%20our%20drive-thru%20today%20at%20215%20Lakeshore%20Pkwy%22%2C%22c_openDate%22%3A%222026-01-19%22%2C%22c_pageTitle%22%3A%22Drive-Thru%20Coffee%20in%20Homewood%2C%20AL%20%7C%20Visit%207%20Brew%20at%20215%20Lakeshore%20Pkwy%22%2C%22c_pagesURL%22%3A%22https%3A%2F%2Flocations.7brew.com%2Fal%2Fhomewood%2F215-lakeshore-pkwy%22%2C%22c_promoBanner1%22%3A%7B%22button%22%3A%7B%22label%22%3A%22Apply%20Today%22%2C%22link%22%3A%22https%3A%2F%2Fsouthernbrew.7brewcareers.com%,2026-01-19,offset:39543,raw_layer[0],2026-01-19,32,,,,,,0,FOUND,,2026-07-12T22:51:37.217388+00:00
AL,huntsville,11784-memorial-parkway-southwest,https://locations.7brew.com/al/huntsville/11784-memorial-parkway-southwest,200,https://locations.7brew.com/al/huntsville/11784-memorial-parkway-southwest,500689,a332f253ef55983e56b3e804139fbdfb5d86800384f21b6f7d4815e639749589,1,,a%20smile.%20Visit%20our%20drive-thru%20today%20at%2011784%20Memorial%20Parkway%20Southwest%22%2C%22c_openDate%22%3A%222025-11-17%22%2C%22c_pageTitle%22%3A%22Drive-Thru%20Coffee%20in%20Huntsville%2C%20AL%20%7C%20Visit%207%20Brew%20at%2011784%20Memorial%20Parkway%20Southwest%22%2C%22c_pagesURL%22%3A%22https%3A%2F%2Flocations.7brew.com%2Fal%2Fhuntsville%2F11784-memorial-parkway-southwest%22%2C%22c_promoBanner1%22%3A%7B%22button%22%3A%7B%22label%22%3A%22Apply%20Today%22%2C%22link%22%3A%22https%3A%2,2025-11-17,offset:39714,raw_layer[0],2025-11-17,24,,,,,,0,FOUND,,2026-07-12T22:51:37.949345+00:00
AL,huntsville,4709-university-dr,https://locations.7brew.com/al/huntsville/4709-university-dr,200,https://locations.7brew.com/al/huntsville/4709-university-dr,600707,95f6de19f6993d6fdb6544c7a48c10adf6caf8b613fc5831bf1bce01919aefa8,1,,,,,,,0,,,,,,0,FIELD_NOT_FOUND,,2026-07-12T22:51:38.738442+00:00
AL,jacksonville,701-pelham-rd-s,https://locations.7brew.com/al/jacksonville/701-pelham-rd-s,200,https://locations.7brew.com/al/jacksonville/701-pelham-rd-s,542700,1b0a4a730c4a1ee706206efefc7941ac1f19f93ad87f0fad2185a80b1ecd76e7,1,,,,,,,0,,,,,,0,FIELD_NOT_FOUND,,2026-07-12T22:51:39.523095+00:00
AL,madison,101-uptown-drive,https://locations.7brew.com/al/madison/101-uptown-drive,200,https://locations.7brew.com/al/madison/101-uptown-drive,640979,7763c89889cc0bf1b332ad194f58f61bea13c34dd906f1339a24f85249e3ddfc,1,,h%20speed%20and%20a%20smile.%20Visit%20our%20drive-thru%20today%20at%20101%20Uptown%20Drive%22%2C%22c_openDate%22%3A%222025-03-10%22%2C%22c_pageTitle%22%3A%22Drive-Thru%20Coffee%20in%20Madison%2C%20AL%20%7C%20Visit%207%20Brew%20at%20101%20Uptown%20Drive%22%2C%22c_pagesURL%22%3A%22https%3A%2F%2Flocations.7brew.com%2Fal%2Fmadison%2F101-uptown-drive%22%2C%22c_promoBanner1%22%3A%7B%22button%22%3A%7B%22label%22%3A%22Apply%20Today%22%2C%22link%22%3A%22https%3A%2F%2Fsouthernbrew.7brewcareers.com%2F%22%,2025-03-10,offset:38818,raw_layer[0],2025-03-10,24,,,,,,0,FOUND,,2026-07-12T22:51:40.352763+00:00
AL,millbrook,42-kelley-boulevard,https://locations.7brew.com/al/millbrook/42-kelley-boulevard,200,https://locations.7brew.com/al/millbrook/42-kelley-boulevard,461622,dcb4fb0f998e414cb5ec1ed91a2ea5c6dfbf6e7838e3c9de11d4a4c7a644c337,1,,0speed%20and%20a%20smile.%20Visit%20our%20drive-thru%20today%20at%2042%20Kelley%20Boulevard%22%2C%22c_openDate%22%3A%222025-05-05%22%2C%22c_pageTitle%22%3A%22Drive-Thru%20Coffee%20in%20Millbrook%2C%20AL%20%7C%20Visit%207%20Brew%20at%2042%20Kelley%20Boulevard%22%2C%22c_pagesURL%22%3A%22https%3A%2F%2Flocations.7brew.com%2Fal%2Fmillbrook%2F42-kelley-boulevard%22%2C%22c_promoBanner1%22%3A%7B%22button%22%3A%7B%22label%22%3A%22Apply%20Today%22%2C%22link%22%3A%22https%3A%2F%2Fsouthernbrew.7brewcareers.,2025-05-05,offset:35995,raw_layer[0],2025-05-05,32,,,,,,0,FOUND,,2026-07-12T22:51:41.175960+00:00
AL,mobile,3220-airport-blvd,https://locations.7brew.com/al/mobile/3220-airport-blvd,200,https://locations.7brew.com/al/mobile/3220-airport-blvd,592467,8261ffcc83cad6f9d0656aaafaa1bf160528d1a67b34c207c865f00059cdcaea,1,,,,,,,0,,,,,,0,FIELD_NOT_FOUND,,2026-07-12T22:51:41.964645+00:00
AL,montgomery,2777-zelda-road,https://locations.7brew.com/al/montgomery/2777-zelda-road,200,https://locations.7brew.com/al/montgomery/2777-zelda-road,498289,bfbe146e8d0dcba381bcb3bfbf7f43dc6c8183e3cd7a714f614f098e24ba1ba7,1,,th%20speed%20and%20a%20smile.%20Visit%20our%20drive-thru%20today%20at%202777%20Zelda%20Road%22%2C%22c_openDate%22%3A%222025-10-13%22%2C%22c_pageTitle%22%3A%22Drive-Thru%20Coffee%20in%20Montgomery%2C%20AL%20%7C%20Visit%207%20Brew%20at%202777%20Zelda%20Road%22%2C%22c_pagesURL%22%3A%22https%3A%2F%2Flocations.7brew.com%2Fal%2Fmontgomery%2F2777-zelda-road%22%2C%22c_promoBanner1%22%3A%7B%22button%22%3A%7B%22label%22%3A%22Apply%20Today%22%2C%22link%22%3A%22https%3A%2F%2Fsouthernbrew.7brewcareers.com%2F,2025-10-13,offset:39446,raw_layer[0],2025-10-13,24,,,,,,0,FOUND,,2026-07-12T22:51:42.764313+00:00
AL,montgomery,7913-vaughn-road,https://locations.7brew.com/al/montgomery/7913-vaughn-road,200,https://locations.7brew.com/al/montgomery/7913-vaughn-road,503823,ab2ac6b93c735c65ee5a8514f50fcdd1e2e4819a86293e404a3fa8ae345a927f,1,,h%20speed%20and%20a%20smile.%20Visit%20our%20drive-thru%20today%20at%207913%20Vaughn%20Road%22%2C%22c_openDate%22%3A%222025-07-21%22%2C%22c_pageTitle%22%3A%22Drive-Thru%20Coffee%20in%20Montgomery%2C%20AL%20%7C%20Visit%207%20Brew%20at%207913%20Vaughn%20Road%22%2C%22c_pagesURL%22%3A%22https%3A%2F%2Flocations.7brew.com%2Fal%2Fmontgomery%2F7913-vaughn-road%22%2C%22c_promoBanner1%22%3A%7B%22button%22%3A%7B%22label%22%3A%22Apply%20Today%22%2C%22link%22%3A%22https%3A%2F%2Fsouthernbrew.7brewcareers.com%,2025-07-21,offset:39509,raw_layer[0],2025-07-21,24,,,,,,0,FOUND,,2026-07-12T22:51:43.442776+00:00
AL,moody,2206-moody-pkwy,https://locations.7brew.com/al/moody/2206-moody-pkwy,200,https://locations.7brew.com/al/moody/2206-moody-pkwy,486876,f7d1a954a6d8107917f1966da3d79a4e57ce6eb3aca22c9d36d8f45b17f41189,1,,,,,,,0,,,,,,0,FIELD_NOT_FOUND,,2026-07-12T22:51:44.236345+00:00
AL,opelika,2212-frederick-road,https://locations.7brew.com/al/opelika/2212-frederick-road,200,https://locations.7brew.com/al/opelika/2212-frederick-road,196139,5f34dcaf4729f9ba49ffb15dcda895a0cfa697b013a19b8e0da02e02b51b9ef2,1,,0speed%20and%20a%20smile.%20Visit%20our%20drive-thru%20today%20at%202212%20Frederick%20Road%22%2C%22c_openDate%22%3A%222026-05-25%22%2C%22c_pageTitle%22%3A%22Drive-Thru%20Coffee%20in%20Opelika%2C%20AL%20%7C%20Visit%207%20Brew%20at%202212%20Frederick%20Road%22%2C%22c_pagesURL%22%3A%22https%3A%2F%2Flocations.7brew.com%2Fal%2Fopelika%2F2212-frederick-road%22%2C%22c_promoBanner1%22%3A%7B%22button%22%3A%7B%22label%22%3A%22Apply%20Today%22%2C%22link%22%3A%22https%3A%2F%2Fsouthernbrew.7brewcareers.com%,2026-05-25,offset:39440,raw_layer[0],2026-05-25,24,,,,,,0,FOUND,,2026-07-12T22:51:44.677302+00:00
AL,owens-cross-roads,6486-hwy-431-s,https://locations.7brew.com/al/owens-cross-roads/6486-hwy-431-s,200,https://locations.7brew.com/al/owens-cross-roads/6486-hwy-431-s,175626,1152a1d4a18b669298af66a113a7539055444e4f3a56339dc2726afa8d273638,1,,h%20speed%20and%20a%20smile.%20Visit%20our%20drive-thru%20today%20at%206486%20Hwy%20431%20S%22%2C%22c_openDate%22%3A%222026-07-13%22%2C%22c_pageTitle%22%3A%22Drive-Thru%20Coffee%20in%20Owens%20Cross%20Roads%2C%20AL%20%7C%20Visit%207%20Brew%20at%206486%20Hwy%20431%20S%22%2C%22c_pagesURL%22%3A%22https%3A%2F%2Flocations.7brew.com%2Fal%2Fowens-cross-roads%2F6486-hwy-431-s%22%2C%22c_promoBanner1%22%3A%7B%22button%22%3A%7B%22label%22%3A%22Apply%20Today%22%2C%22link%22%3A%22https%3A%2F%2Fsouthernbrew.7,2026-07-13,offset:41267,raw_layer[0],2026-07-13,24,,,,,,0,FOUND,,2026-07-12T22:51:45.125357+00:00
AL,troy,1271-u.s.-231,https://locations.7brew.com/al/troy/1271-u.s.-231,200,https://locations.7brew.com/al/troy/1271-u.s.-231,561085,2d90fec1be3723e5ff18ce767c75aa04429ee947d18a98a0c9aecdf2bce8106c,1,,with%20speed%20and%20a%20smile.%20Visit%20our%20drive-thru%20today%20at%201271%20U.S.%20231%22%2C%22c_openDate%22%3A%222026-02-09%22%2C%22c_pageTitle%22%3A%22Drive-Thru%20Coffee%20in%20Troy%2C%20AL%20%7C%20Visit%207%20Brew%20at%201271%20U.S.%20231%22%2C%22c_pagesURL%22%3A%22https%3A%2F%2Flocations.7brew.com%2Fal%2Ftroy%2F1271-u.s.-231%22%2C%22c_promoBanner1%22%3A%7B%22button%22%3A%7B%22label%22%3A%22Apply%20Today%22%2C%22link%22%3A%22https%3A%2F%2Fbrewhorizons.7brewcareers.com%2F%22%2C%22linkTyp,2026-02-09,offset:39352,raw_layer[0],2026-02-09,32,,,,,,0,FOUND,,2026-07-12T22:51:46.096152+00:00
AL,trussville,5982-chalkville-mountain-rd,https://locations.7brew.com/al/trussville/5982-chalkville-mountain-rd,200,https://locations.7brew.com/al/trussville/5982-chalkville-mountain-rd,466269,08c22faec12f9e984242beefc9663e0341e3258a22917ec214feba12941dd9a2,1,,,,,,,0,,,,,,0,FIELD_NOT_FOUND,,2026-07-12T22:51:46.878628+00:00
AL,tuscaloosa,1404-skyland-east-boulevard,https://locations.7brew.com/al/tuscaloosa/1404-skyland-east-boulevard,200,https://locations.7brew.com/al/tuscaloosa/1404-skyland-east-boulevard,506644,e41ac08d3de68591ec443b0f78e8598d12a8aeaf653d18f29c5c04d030bbcbfa,1,,nd%20a%20smile.%20Visit%20our%20drive-thru%20today%20at%201404%20Skyland%20East%20Boulevard%22%2C%22c_openDate%22%3A%222025-06-09%22%2C%22c_pageTitle%22%3A%22Drive-Thru%20Coffee%20in%20Tuscaloosa%2C%20AL%20%7C%20Visit%207%20Brew%20at%201404%20Skyland%20East%20Boulevard%22%2C%22c_pagesURL%22%3A%22https%3A%2F%2Flocations.7brew.com%2Fal%2Ftuscaloosa%2F1404-skyland-east-boulevard%22%2C%22c_promoBanner1%22%3A%7B%22button%22%3A%7B%22label%22%3A%22Apply%20Today%22%2C%22link%22%3A%22https%3A%2F%2Fsouthe,2025-06-09,offset:39447,raw_layer[0],2025-06-09,32,,,,,,0,FOUND,,2026-07-12T22:51:47.759677+00:00
AL,tuscaloosa,406-15th-st-e,https://locations.7brew.com/al/tuscaloosa/406-15th-st-e,200,https://locations.7brew.com/al/tuscaloosa/406-15th-st-e,485779,252c3f968cd7d24d1ad95d8fbfb6fb8a29cf6994e0578e4adf6ebde390dd99cf,1,,,,,,,0,,,,,,0,FIELD_NOT_FOUND,,2026-07-12T22:51:48.550766+00:00
AL,wetumpka,212-w-ft-toulouse-rd,https://locations.7brew.com/al/wetumpka/212-w-ft-toulouse-rd,200,https://locations.7brew.com/al/wetumpka/212-w-ft-toulouse-rd,139507,d85c16c37c79cd66c070ee2ed9d749e8788d903f31a2b6530171e31c6d50c658,1,,d%20and%20a%20smile.%20Visit%20our%20drive-thru%20today%20at%20212%20W%20Ft%20Toulouse%20Rd%22%2C%22c_openDate%22%3A%222026-06-29%22%2C%22c_pageTitle%22%3A%22Drive-Thru%20Coffee%20in%20Wetumpka%2C%20AL%20%7C%20Visit%207%20Brew%20at%20212%20W%20Ft%20Toulouse%20Rd%22%2C%22c_pagesURL%22%3A%22https%3A%2F%2Flocations.7brew.com%2Fal%2Fwetumpka%2F212-w-ft-toulouse-rd%22%2C%22c_promoBanner1%22%3A%7B%22button%22%3A%7B%22label%22%3A%22Apply%20Today%22%2C%22link%22%3A%22https%3A%2F%2F7brewteam.7brewcareers,2026-06-29,offset:39673,raw_layer[0],2026-06-29,24,,,,,,0,FOUND,,2026-07-12T22:51:48.908055+00:00
FL,belleview,5530-southeast-abshier-boulevard,https://locations.7brew.com/fl/belleview/5530-southeast-abshier-boulevard,200,https://locations.7brew.com/fl/belleview/5530-southeast-abshier-boulevard,599948,ab38db57d92b6be39687640b4c7de0fa4cd7fec997f72c9192e8607682656e4b,1,,a%20smile.%20Visit%20our%20drive-thru%20today%20at%205530%20Southeast%20Abshier%20Boulevard%22%2C%22c_openDate%22%3A%222026-01-19%22%2C%22c_pageTitle%22%3A%22Drive-Thru%20Coffee%20in%20Belleview%2C%20FL%20%7C%20Visit%207%20Brew%20at%205530%20Southeast%20Abshier%20Boulevard%22%2C%22c_pagesURL%22%3A%22https%3A%2F%2Flocations.7brew.com%2Ffl%2Fbelleview%2F5530-southeast-abshier-boulevard%22%2C%22c_promoBanner1%22%3A%7B%22button%22%3A%7B%22label%22%3A%22Apply%20Today%22%2C%22link%22%3A%22https%3A%2F%,2026-01-19,offset:39920,raw_layer[0],2026-01-19,24,,,,,,0,FOUND,,2026-07-12T22:51:49.755743+00:00
FL,bradenton,14511-state-road-70-east,https://locations.7brew.com/fl/bradenton/14511-state-road-70-east,200,https://locations.7brew.com/fl/bradenton/14511-state-road-70-east,586896,225c97cb18d31cc12a40a03f686ddffc7fdf2098dd31b69d091cdae05388f675,1,,and%20a%20smile.%20Visit%20our%20drive-thru%20today%20at%2014511%20State%20Road%2070%20East%22%2C%22c_openDate%22%3A%222025-10-20%22%2C%22c_pageTitle%22%3A%22Drive-Thru%20Coffee%20in%20Bradenton%2C%20FL%20%7C%20Visit%207%20Brew%20at%2014511%20State%20Road%2070%20East%22%2C%22c_pagesURL%22%3A%22https%3A%2F%2Flocations.7brew.com%2Ffl%2Fbradenton%2F14511-state-road-70-east%22%2C%22c_promoBanner1%22%3A%7B%22button%22%3A%7B%22label%22%3A%22Apply%20Today%22%2C%22link%22%3A%22https%3A%2F%2F7crew.7brewc,2025-10-20,offset:39679,raw_layer[0],2025-10-20,24,,,,,,0,FOUND,,2026-07-12T22:51:50.635398+00:00
FL,bradenton,5787-manatee-avenue-west,https://locations.7brew.com/fl/bradenton/5787-manatee-avenue-west,200,https://locations.7brew.com/fl/bradenton/5787-manatee-avenue-west,557407,cbf2f50ad9bac96bd58ffb4f2ce727170005935e5b187ba336d8223a0bfd0822,1,,20and%20a%20smile.%20Visit%20our%20drive-thru%20today%20at%205787%20Manatee%20Avenue%20West%22%2C%22c_openDate%22%3A%222026-02-23%22%2C%22c_pageTitle%22%3A%22Drive-Thru%20Coffee%20in%20Bradenton%2C%20FL%20%7C%20Visit%207%20Brew%20at%205787%20Manatee%20Avenue%20West%22%2C%22c_pagesURL%22%3A%22https%3A%2F%2Flocations.7brew.com%2Ffl%2Fbradenton%2F5787-manatee-avenue-west%22%2C%22c_promoBanner1%22%3A%7B%22button%22%3A%7B%22label%22%3A%22Apply%20Today%22%2C%22link%22%3A%22https%3A%2F%2F7crew.7brewcar,2026-02-23,offset:38676,raw_layer[0],2026-02-23,24,,,,,,0,FOUND,,2026-07-12T22:51:51.477202+00:00
FL,bradenton,685-cortez-road-west,https://locations.7brew.com/fl/bradenton/685-cortez-road-west,200,https://locations.7brew.com/fl/bradenton/685-cortez-road-west,523403,9f69a089ee7a35d68a9e240e124cc2e469620eac3ac9dbc06db8c326784f69d6,1,,eed%20and%20a%20smile.%20Visit%20our%20drive-thru%20today%20at%20685%20Cortez%20Road%20West%22%2C%22c_openDate%22%3A%222026-01-19%22%2C%22c_pageTitle%22%3A%22Drive-Thru%20Coffee%20in%20Bradenton%2C%20FL%20%7C%20Visit%207%20Brew%20at%20685%20Cortez%20Road%20West%22%2C%22c_pagesURL%22%3A%22https%3A%2F%2Flocations.7brew.com%2Ffl%2Fbradenton%2F685-cortez-road-west%22%2C%22c_promoBanner1%22%3A%7B%22button%22%3A%7B%22label%22%3A%22Apply%20Today%22%2C%22link%22%3A%22https%3A%2F%2F7crew.7brewcareers.com,2026-01-19,offset:39343,raw_layer[0],2026-01-19,24,,,,,,0,FOUND,,2026-07-12T22:51:52.220521+00:00
FL,clermont,17445-u.s.-192,https://locations.7brew.com/fl/clermont/17445-u.s.-192,200,https://locations.7brew.com/fl/clermont/17445-u.s.-192,555355,1f9a13f204d310ff26b274c93a81d8e2bc6b40df31d8525b53ee71b8954517a5,1,,ith%20speed%20and%20a%20smile.%20Visit%20our%20drive-thru%20today%20at%2017445%20U.S.%20192%22%2C%22c_openDate%22%3A%222026-05-04%22%2C%22c_pageTitle%22%3A%22Drive-Thru%20Coffee%20in%20Clermont%2C%20FL%20%7C%20Visit%207%20Brew%20at%2017445%20U.S.%20192%22%2C%22c_pagesURL%22%3A%22https%3A%2F%2Flocations.7brew.com%2Ffl%2Fclermont%2F17445-u.s.-192%22%2C%22c_promoBanner1%22%3A%7B%22button%22%3A%7B%22label%22%3A%22Apply%20Today%22%2C%22link%22%3A%22https%3A%2F%2F7venture.7brewcareers.com%2F%22%2C%22l,2026-05-04,offset:39749,raw_layer[0],2026-05-04,32,,,,,,0,FOUND,,2026-07-12T22:51:53.131596+00:00
FL,clermont,3460-us-27-s,https://locations.7brew.com/fl/clermont/3460-us-27-s,200,https://locations.7brew.com/fl/clermont/3460-us-27-s,538040,01ecd478ffc0da99e369035f6f97fed8657ac8ee942b362712304630c10c39fa,1,,,,,,,0,,,,,,0,FIELD_NOT_FOUND,,2026-07-12T22:51:53.897993+00:00
FL,crestview,2541-s-ferdon-blvd,https://locations.7brew.com/fl/crestview/2541-s-ferdon-blvd,200,https://locations.7brew.com/fl/crestview/2541-s-ferdon-blvd,492605,d00b61bf3ae50c1d62d2c2e6473ae306da34554862387b01988060713acda23c,1,,,,,,,0,,,,,,0,FIELD_NOT_FOUND,,2026-07-12T22:51:54.737298+00:00
FL,davenport,701-champions-drive,https://locations.7brew.com/fl/davenport/701-champions-drive,200,https://locations.7brew.com/fl/davenport/701-champions-drive,121081,a23220cdfde90b6f5ba00bbed80df67fca6cccc9722f50da75c72458f7f9469f,1,,0speed%20and%20a%20smile.%20Visit%20our%20drive-thru%20today%20at%20701%20Champions%20Drive%22%2C%22c_openDate%22%3A%222025-03-31%22%2C%22c_pageTitle%22%3A%22Drive-Thru%20Coffee%20in%20Davenport%2C%20FL%20%7C%20Visit%207%20Brew%20at%20701%20Champions%20Drive%22%2C%22c_pagesURL%22%3A%22https%3A%2F%2Flocations.7brew.com%2Ffl%2Fdavenport%2F701-champions-drive%22%2C%22c_promoBanner1%22%3A%7B%22button%22%3A%7B%22label%22%3A%22Apply%20Today%22%2C%22link%22%3A%22https%3A%2F%2F7venture.7brewcareers.com%,2025-03-31,offset:38564,raw_layer[0],2025-03-31,24,,,,,,0,FOUND,,2026-07-12T22:51:55.146368+00:00
FL,daytona-beach,1445-s-nova-rd,https://locations.7brew.com/fl/daytona-beach/1445-s-nova-rd,200,https://locations.7brew.com/fl/daytona-beach/1445-s-nova-rd,128919,8e0fce514819e4537e3ab13edf1a088900f70a20dcd0402bedfaf4332485f235,1,,,,,,,0,,,,,,0,FIELD_NOT_FOUND,,2026-07-12T22:51:55.537275+00:00
FL,daytona-beach,2079-lpga-blvd,https://locations.7brew.com/fl/daytona-beach/2079-lpga-blvd,200,https://locations.7brew.com/fl/daytona-beach/2079-lpga-blvd,593535,1be09f80d234137b5c0e93d4658ddc6a9f3fa3e958153d2b6856d1a453648412,1,,ith%20speed%20and%20a%20smile.%20Visit%20our%20drive-thru%20today%20at%202079%20LPGA%20Blvd%22%2C%22c_openDate%22%3A%222025-03-10%22%2C%22c_pageTitle%22%3A%22Drive-Thru%20Coffee%20in%20Daytona%20Beach%2C%20FL%20%7C%20Visit%207%20Brew%20at%202079%20LPGA%20Blvd%22%2C%22c_pagesURL%22%3A%22https%3A%2F%2Flocations.7brew.com%2Ffl%2Fdaytona-beach%2F2079-lpga-blvd%22%2C%22c_promoBanner1%22%3A%7B%22button%22%3A%7B%22label%22%3A%22Apply%20Today%22%2C%22link%22%3A%22https%3A%2F%2F7venture.7brewcareers.com%,2025-03-10,offset:39308,raw_layer[0],2025-03-10,24,,,,,,0,FOUND,,2026-07-12T22:51:56.320030+00:00
FL,deland,2597-s-woodland-blvd,https://locations.7brew.com/fl/deland/2597-s-woodland-blvd,200,https://locations.7brew.com/fl/deland/2597-s-woodland-blvd,121477,8d3f2dbb6ec8d52c7ade7e5d1d3bf4db3ee58b7c0b61e2c1cb66eb6b74e2250d,1,,,,,,,0,,,,,,0,FIELD_NOT_FOUND,,2026-07-12T22:51:56.695517+00:00
FL,fernandina-beach,1940-s.-14th-st,https://locations.7brew.com/fl/fernandina-beach/1940-s.-14th-st,200,https://locations.7brew.com/fl/fernandina-beach/1940-s.-14th-st,496195,25276f512bd2d69e1ea2a47895ed9ec2576cf2afe6b5db63132e304c221825a4,1,,,,,,,0,,,,,,0,FIELD_NOT_FOUND,,2026-07-12T22:51:57.472869+00:00
FL,fort-pierce,5422-okeechobee-rd,https://locations.7brew.com/fl/fort-pierce/5422-okeechobee-rd,200,https://locations.7brew.com/fl/fort-pierce/5422-okeechobee-rd,537664,d1366fb0f88eaada9ff56bee477fe5a18eab57686fddca01e022e6ed88675085,1,,,,,,,0,,,,,,0,FIELD_NOT_FOUND,,2026-07-12T22:51:58.304066+00:00
FL,fort-walton-beach,44-eglin-parkway-ne,https://locations.7brew.com/fl/fort-walton-beach/44-eglin-parkway-ne,200,https://locations.7brew.com/fl/fort-walton-beach/44-eglin-parkway-ne,504979,188421444fef6becd79f839fce88cc7c20f456a6f928297fd6c50428d3e5c816,1,,,,,,,0,,,,,,0,FIELD_NOT_FOUND,,2026-07-12T22:51:59.035448+00:00
FL,gainesville,1593-southwest-13th-street,https://locations.7brew.com/fl/gainesville/1593-southwest-13th-street,200,https://locations.7brew.com/fl/gainesville/1593-southwest-13th-street,628019,ed6de349bc9f7a12d89930a070915bc3a44c06f6ffc6e36786479dc383ac0354,1,,and%20a%20smile.%20Visit%20our%20drive-thru%20today%20at%201593%20Southwest%2013th%20Street%22%2C%22c_openDate%22%3A%222025-12-29%22%2C%22c_pageTitle%22%3A%22Drive-Thru%20Coffee%20in%20Gainesville%2C%20FL%20%7C%20Visit%207%20Brew%20at%201593%20Southwest%2013th%20Street%22%2C%22c_pagesURL%22%3A%22https%3A%2F%2Flocations.7brew.com%2Ffl%2Fgainesville%2F1593-southwest-13th-street%22%2C%22c_promoBanner1%22%3A%7B%22button%22%3A%7B%22label%22%3A%22Apply%20Today%22%2C%22link%22%3A%22https%3A%2F%2F7ventu,2025-12-29,offset:40199,raw_layer[0],2025-12-29,32,,,,,,0,FOUND,,2026-07-12T22:52:00.019373+00:00
FL,gulf-breeze,3876-gulf-breeze-parkway,https://locations.7brew.com/fl/gulf-breeze/3876-gulf-breeze-parkway,200,https://locations.7brew.com/fl/gulf-breeze/3876-gulf-breeze-parkway,487505,b96b9388c49edea307671faebaf3f597b5d213b9336de9d39247d91116e19c61,1,,20and%20a%20smile.%20Visit%20our%20drive-thru%20today%20at%203876%20Gulf%20Breeze%20Parkway%22%2C%22c_openDate%22%3A%222025-07-21%22%2C%22c_pageTitle%22%3A%22Drive-Thru%20Coffee%20in%20Gulf%20Breeze%2C%20FL%20%7C%20Visit%207%20Brew%20at%203876%20Gulf%20Breeze%20Parkway%22%2C%22c_pagesURL%22%3A%22https%3A%2F%2Flocations.7brew.com%2Ffl%2Fgulf-breeze%2F3876-gulf-breeze-parkway%22%2C%22c_promoBanner1%22%3A%7B%22button%22%3A%7B%22label%22%3A%22Apply%20Today%22%2C%22link%22%3A%22https%3A%2F%2F7crew.7b,2025-07-21,offset:39595,raw_layer[0],2025-07-21,24,,,,,,0,FOUND,,2026-07-12T22:52:00.797238+00:00
FL,jacksonville,3264-gerona-dr-e,https://locations.7brew.com/fl/jacksonville/3264-gerona-dr-e,200,https://locations.7brew.com/fl/jacksonville/3264-gerona-dr-e,515895,13fc6c194ac2bf75fbf1b26fc40f958b48806059d5dd1f6d2ac87821fdf108a6,1,,,,,,,0,,,,,,0,FIELD_NOT_FOUND,,2026-07-12T22:52:01.541579+00:00
FL,jacksonville,6730-103rd-street,https://locations.7brew.com/fl/jacksonville/6730-103rd-street,200,https://locations.7brew.com/fl/jacksonville/6730-103rd-street,596059,a59dc718ee7d48978559cf19dfd908975f5561cd15920cba274b54b580fae0c3,1,,%20speed%20and%20a%20smile.%20Visit%20our%20drive-thru%20today%20at%206730%20103rd%20Street%22%2C%22c_openDate%22%3A%222026-01-05%22%2C%22c_pageTitle%22%3A%22Drive-Thru%20Coffee%20in%20Jacksonville%2C%20FL%20%7C%20Visit%207%20Brew%20at%206730%20103rd%20Street%22%2C%22c_pagesURL%22%3A%22https%3A%2F%2Flocations.7brew.com%2Ffl%2Fjacksonville%2F6730-103rd-street%22%2C%22c_promoBanner1%22%3A%7B%22button%22%3A%7B%22label%22%3A%22Apply%20Today%22%2C%22link%22%3A%22https%3A%2F%2F7venture.7brewcareers.co,2026-01-05,offset:39637,raw_layer[0],2026-01-05,32,,,,,,0,FOUND,,2026-07-12T22:52:02.562336+00:00
FL,jacksonville,7788-normandy-blvd,https://locations.7brew.com/fl/jacksonville/7788-normandy-blvd,200,https://locations.7brew.com/fl/jacksonville/7788-normandy-blvd,546153,ace6c140077e40ab72a619997cfac17e2d5bce566b73d83f599eb7211c6d4422,1,,,,,,,0,,,,,,0,FIELD_NOT_FOUND,,2026-07-12T22:52:03.471043+00:00
FL,kissimmee,3300-margaritaville-boulevard,https://locations.7brew.com/fl/kissimmee/3300-margaritaville-boulevard,200,https://locations.7brew.com/fl/kissimmee/3300-margaritaville-boulevard,565968,cedb313c2d7dbc6f840c2178ab92c280da47eea80fd4c8a38a2f18949be05bcd,1,,nd%20a%20smile.%20Visit%20our%20drive-thru%20today%20at%203300%20Margaritaville%20Boulevard%22%2C%22c_openDate%22%3A%222025-12-08%22%2C%22c_pageTitle%22%3A%22Drive-Thru%20Coffee%20in%20Kissimmee%2C%20FL%20%7C%20Visit%207%20Brew%20at%203300%20Margaritaville%20Boulevard%22%2C%22c_pagesURL%22%3A%22https%3A%2F%2Flocations.7brew.com%2Ffl%2Fkissimmee%2F3300-margaritaville-boulevard%22%2C%22c_promoBanner1%22%3A%7B%22button%22%3A%7B%22label%22%3A%22Apply%20Today%22%2C%22link%22%3A%22https%3A%2F%2F7ventu,2025-12-08,offset:40118,raw_layer[0],2025-12-08,24,,,,,,0,FOUND,,2026-07-12T22:52:04.262803+00:00
FL,lake-worth,4669-hypoluxo-road,https://locations.7brew.com/fl/lake-worth/4669-hypoluxo-road,200,https://locations.7brew.com/fl/lake-worth/4669-hypoluxo-road,631499,4aa3b47d0bc135339584709f3f0052da34528b67f0ca15581cd9b78eae3fc7a3,1,,20speed%20and%20a%20smile.%20Visit%20our%20drive-thru%20today%20at%204669%20Hypoluxo%20Road%22%2C%22c_openDate%22%3A%222025-05-19%22%2C%22c_pageTitle%22%3A%22Drive-Thru%20Coffee%20in%20Lake%20Worth%2C%20FL%20%7C%20Visit%207%20Brew%20at%204669%20Hypoluxo%20Road%22%2C%22c_pagesURL%22%3A%22https%3A%2F%2Flocations.7brew.com%2Ffl%2Flake-worth%2F4669-hypoluxo-road%22%2C%22c_promoBanner1%22%3A%7B%22button%22%3A%7B%22label%22%3A%22Apply%20Today%22%2C%22link%22%3A%22https%3A%2F%2Fbrewhorizons.7brewcareer,2025-05-19,offset:39120,raw_layer[0],2025-05-19,24,,,,,,0,FOUND,,2026-07-12T22:52:05.121465+00:00
FL,leesburg,10625-u.s.-441,https://locations.7brew.com/fl/leesburg/10625-u.s.-441,200,https://locations.7brew.com/fl/leesburg/10625-u.s.-441,568447,1efeb0ab74e51de99f0e6c1e2576b147ae26a110f74035cd1a2ede5b668c6d56,1,,ith%20speed%20and%20a%20smile.%20Visit%20our%20drive-thru%20today%20at%2010625%20U.S.%20441%22%2C%22c_openDate%22%3A%222025-11-17%22%2C%22c_pageTitle%22%3A%22Drive-Thru%20Coffee%20in%20Leesburg%2C%20FL%20%7C%20Visit%207%20Brew%20at%2010625%20U.S.%20441%22%2C%22c_pagesURL%22%3A%22https%3A%2F%2Flocations.7brew.com%2Ffl%2Fleesburg%2F10625-u.s.-441%22%2C%22c_promoBanner1%22%3A%7B%22button%22%3A%7B%22label%22%3A%22Apply%20Today%22%2C%22link%22%3A%22https%3A%2F%2F7crew.7brewcareers.com%2F%22%2C%22link,2025-11-17,offset:39457,raw_layer[0],2025-11-17,24,,,,,,0,FOUND,,2026-07-12T22:52:05.972398+00:00
FL,leesburg,800-n-14th-street,https://locations.7brew.com/fl/leesburg/800-n-14th-street,200,https://locations.7brew.com/fl/leesburg/800-n-14th-street,532457,500e142c0276dc6249433684e89d2ea02008d13397dbb8be5f737a70e7b2987f,1,,,,,,,0,,,,,,0,FIELD_NOT_FOUND,,2026-07-12T22:52:06.790721+00:00
FL,live-oak,2215-ohio-avenue-north,https://locations.7brew.com/fl/live-oak/2215-ohio-avenue-north,200,https://locations.7brew.com/fl/live-oak/2215-ohio-avenue-north,623036,a34398a7b17008e8dc99ce69804f1e1bd97c1f445a552c765acb79510fc342d2,1,,d%20and%20a%20smile.%20Visit%20our%20drive-thru%20today%20at%202215%20Ohio%20Avenue%20North%22%2C%22c_openDate%22%3A%222025-12-29%22%2C%22c_pageTitle%22%3A%22Drive-Thru%20Coffee%20in%20Live%20Oak%2C%20FL%20%7C%20Visit%207%20Brew%20at%202215%20Ohio%20Avenue%20North%22%2C%22c_pagesURL%22%3A%22https%3A%2F%2Flocations.7brew.com%2Ffl%2Flive-oak%2F2215-ohio-avenue-north%22%2C%22c_promoBanner1%22%3A%7B%22button%22%3A%7B%22label%22%3A%22Apply%20Today%22%2C%22link%22%3A%22https%3A%2F%2F7venture.7brewcare,2025-12-29,offset:39548,raw_layer[0],2025-12-29,32,,,,,,0,FOUND,,2026-07-12T22:52:07.788951+00:00
FL,lynn-haven,1420-ohio-ave,https://locations.7brew.com/fl/lynn-haven/1420-ohio-ave,200,https://locations.7brew.com/fl/lynn-haven/1420-ohio-ave,608794,05ec03c0a59c062037bf216533147acce155c127869309042d228411fcd782e8,1,,with%20speed%20and%20a%20smile.%20Visit%20our%20drive-thru%20today%20at%201420%20Ohio%20Ave%22%2C%22c_openDate%22%3A%222026-06-29%22%2C%22c_pageTitle%22%3A%22Drive-Thru%20Coffee%20in%20Lynn%20Haven%2C%20FL%20%7C%20Visit%207%20Brew%20at%201420%20Ohio%20Ave%22%2C%22c_pagesURL%22%3A%22https%3A%2F%2Flocations.7brew.com%2Ffl%2Flynn-haven%2F1420-ohio-ave%22%2C%22c_promoBanner1%22%3A%7B%22button%22%3A%7B%22label%22%3A%22Apply%20Today%22%2C%22link%22%3A%22https%3A%2F%2F7brewteam.7brewcareers.com%2Fjobs%,2026-06-29,offset:41017,raw_layer[0],2026-06-29,24,,,,,,0,FOUND,,2026-07-12T22:52:08.691777+00:00
FL,melbourne,1165-palm-bay-road-northeast,https://locations.7brew.com/fl/melbourne/1165-palm-bay-road-northeast,200,https://locations.7brew.com/fl/melbourne/1165-palm-bay-road-northeast,501877,9c730ff3b2011602c3ba6cc9dac8c5c20d50331adb243897444a6554612df07b,1,,,,,,,0,,,,,,0,FIELD_NOT_FOUND,,2026-07-12T22:52:09.488948+00:00
FL,melbourne,1809-south-harbor-city-boulevard,https://locations.7brew.com/fl/melbourne/1809-south-harbor-city-boulevard,200,https://locations.7brew.com/fl/melbourne/1809-south-harbor-city-boulevard,588451,6957cd645b76caebaf74f4ff87960f17b5761b29b7b0e0db84f5c8962547a4d9,1,,,,,,,0,,,,,,0,FIELD_NOT_FOUND,,2026-07-12T22:52:10.389769+00:00
FL,melbourne,6325-north-wickham-road,https://locations.7brew.com/fl/melbourne/6325-north-wickham-road,200,https://locations.7brew.com/fl/melbourne/6325-north-wickham-road,594801,278aedac9f68d7ba28c303f4925959d5d338ab025b0e0f294109bf6cf3e3d3a5,1,,,,,,,0,,,,,,0,FIELD_NOT_FOUND,,2026-07-12T22:52:11.258779+00:00
FL,middleburg,1694-blanding-boulevard,https://locations.7brew.com/fl/middleburg/1694-blanding-boulevard,200,https://locations.7brew.com/fl/middleburg/1694-blanding-boulevard,537163,00c509635b633a7bc47901f867f7148becdf9bbad7644928f867c2e70557e070,1,,ed%20and%20a%20smile.%20Visit%20our%20drive-thru%20today%20at%201694%20Blanding%20Boulevard%22%2C%22c_openDate%22%3A%222026-01-12%22%2C%22c_pageTitle%22%3A%22Drive-Thru%20Coffee%20in%20Middleburg%2C%20FL%20%7C%20Visit%207%20Brew%20at%201694%20Blanding%20Boulevard%22%2C%22c_pagesURL%22%3A%22https%3A%2F%2Flocations.7brew.com%2Ffl%2Fmiddleburg%2F1694-blanding-boulevard%22%2C%22c_promoBanner1%22%3A%7B%22button%22%3A%7B%22label%22%3A%22Apply%20Today%22%2C%22link%22%3A%22https%3A%2F%2F7venture.7brewca,2026-01-12,offset:39696,raw_layer[0],2026-01-12,32,,,,,,0,FOUND,,2026-07-12T22:52:12.261246+00:00
FL,milton,6556-caroline-st,https://locations.7brew.com/fl/milton/6556-caroline-st,200,https://locations.7brew.com/fl/milton/6556-caroline-st,535985,575bd958fab895529861c707c2c8b6efd975294897a3d5cfe5d8dd3226cf4667,1,,h%20speed%20and%20a%20smile.%20Visit%20our%20drive-thru%20today%20at%206556%20Caroline%20St%22%2C%22c_openDate%22%3A%222025-06-02%22%2C%22c_pageTitle%22%3A%22Drive-Thru%20Coffee%20in%20Milton%2C%20FL%20%7C%20Visit%207%20Brew%20at%206556%20Caroline%20St%22%2C%22c_pagesURL%22%3A%22https%3A%2F%2Flocations.7brew.com%2Ffl%2Fmilton%2F6556-caroline-st%22%2C%22c_promoBanner1%22%3A%7B%22button%22%3A%7B%22label%22%3A%22Apply%20Today%22%2C%22link%22%3A%22https%3A%2F%2F7crew.7brewcareers.com%2F%22%2C%22link,2025-06-02,offset:38902,raw_layer[0],2025-06-02,32,,,,,,0,FOUND,,2026-07-12T22:52:13.156611+00:00
FL,navarre,8534-navarre-parkway,https://locations.7brew.com/fl/navarre/8534-navarre-parkway,200,https://locations.7brew.com/fl/navarre/8534-navarre-parkway,541356,bdabb6735038bc1f0257a55bee9f5dbd00d577fa77ae2fdb475b8162436e9be1,1,,speed%20and%20a%20smile.%20Visit%20our%20drive-thru%20today%20at%208534%20Navarre%20Parkway%22%2C%22c_openDate%22%3A%222025-12-01%22%2C%22c_pageTitle%22%3A%22Drive-Thru%20Coffee%20in%20Navarre%2C%20FL%20%7C%20Visit%207%20Brew%20at%208534%20Navarre%20Parkway%22%2C%22c_pagesURL%22%3A%22https%3A%2F%2Flocations.7brew.com%2Ffl%2Fnavarre%2F8534-navarre-parkway%22%2C%22c_promoBanner1%22%3A%7B%22button%22%3A%7B%22label%22%3A%22Apply%20Today%22%2C%22link%22%3A%22https%3A%2F%2F7crew.7brewcareers.com%2F%22,2025-12-01,offset:39828,raw_layer[0],2025-12-01,24,,,,,,0,FOUND,,2026-07-12T22:52:13.893536+00:00
FL,niceville,1162-john-sims-pkwy,https://locations.7brew.com/fl/niceville/1162-john-sims-pkwy,200,https://locations.7brew.com/fl/niceville/1162-john-sims-pkwy,571671,05f51a5be32df158911f51431e8aa93e8d9e2016bafaa96cddf6b9d59a312cbf,1,,,,,,,0,,,,,,0,FIELD_NOT_FOUND,,2026-07-12T22:52:15.056085+00:00
FL,okeechobee,100-southeast-8th-avenue,https://locations.7brew.com/fl/okeechobee/100-southeast-8th-avenue,200,https://locations.7brew.com/fl/okeechobee/100-southeast-8th-avenue,572251,c8e5ef2cef0d73d499c27e41c2a20918d03effdd6a6ea4b210437b90211a6abe,1,,20and%20a%20smile.%20Visit%20our%20drive-thru%20today%20at%20100%20Southeast%208th%20Avenue%22%2C%22c_openDate%22%3A%222025-07-07%22%2C%22c_pageTitle%22%3A%22Drive-Thru%20Coffee%20in%20Okeechobee%2C%20FL%20%7C%20Visit%207%20Brew%20at%20100%20Southeast%208th%20Avenue%22%2C%22c_pagesURL%22%3A%22https%3A%2F%2Flocations.7brew.com%2Ffl%2Fokeechobee%2F100-southeast-8th-avenue%22%2C%22c_promoBanner1%22%3A%7B%22button%22%3A%7B%22label%22%3A%22Apply%20Today%22%2C%22link%22%3A%22https%3A%2F%2Fbrewhorizons,2025-07-07,offset:39135,raw_layer[0],2025-07-07,24,,,,,,0,FOUND,,2026-07-12T22:52:15.856003+00:00
FL,orlando,12199-east-colonial-drive,https://locations.7brew.com/fl/orlando/12199-east-colonial-drive,200,https://locations.7brew.com/fl/orlando/12199-east-colonial-drive,609457,9243c2eb48c0e6e7736d4ffd8cb2c8c165b3b8194e30040fd6b68b2c854aeb89,1,,0and%20a%20smile.%20Visit%20our%20drive-thru%20today%20at%2012199%20East%20Colonial%20Drive%22%2C%22c_openDate%22%3A%222025-05-26%22%2C%22c_pageTitle%22%3A%22Drive-Thru%20Coffee%20in%20Orlando%2C%20FL%20%7C%20Visit%207%20Brew%20at%2012199%20East%20Colonial%20Drive%22%2C%22c_pagesURL%22%3A%22https%3A%2F%2Flocations.7brew.com%2Ffl%2Forlando%2F12199-east-colonial-drive%22%2C%22c_promoBanner1%22%3A%7B%22button%22%3A%7B%22label%22%3A%22Apply%20Today%22%2C%22link%22%3A%22https%3A%2F%2F7venture.7brewca,2025-05-26,offset:39546,raw_layer[0],2025-05-26,32,,,,,,0,FOUND,,2026-07-12T22:52:16.841802+00:00
FL,pace,4874-highway-90,https://locations.7brew.com/fl/pace/4874-highway-90,200,https://locations.7brew.com/fl/pace/4874-highway-90,459688,d93c0e3c416bc594abcdf0959799688a128e69691a096d8b58e55b25eb4e7f04,1,,th%20speed%20and%20a%20smile.%20Visit%20our%20drive-thru%20today%20at%204874%20Highway%2090%22%2C%22c_openDate%22%3A%222025-12-15%22%2C%22c_pageTitle%22%3A%22Drive-Thru%20Coffee%20in%20Pace%2C%20FL%20%7C%20Visit%207%20Brew%20at%204874%20Highway%2090%22%2C%22c_pagesURL%22%3A%22https%3A%2F%2Flocations.7brew.com%2Ffl%2Fpace%2F4874-highway-90%22%2C%22c_promoBanner1%22%3A%7B%22button%22%3A%7B%22label%22%3A%22Apply%20Today%22%2C%22link%22%3A%22https%3A%2F%2F7crew.7brewcareers.com%2F%22%2C%22linkType%2,2025-12-15,offset:39602,raw_layer[0],2025-12-15,32,,,,,,0,FOUND,,2026-07-12T22:52:17.737920+00:00
FL,palm-bay,111-valor-dr-se,https://locations.7brew.com/fl/palm-bay/111-valor-dr-se,200,https://locations.7brew.com/fl/palm-bay/111-valor-dr-se,513163,2a77c862bb7109c360291fbfd38ef34094fdc51d708c1ea9718ff0d73c86c626,1,,,,,,,0,,,,,,0,FIELD_NOT_FOUND,,2026-07-12T22:52:18.706166+00:00
FL,palm-bay,198-palm-bay-rd-ne,https://locations.7brew.com/fl/palm-bay/198-palm-bay-rd-ne,200,https://locations.7brew.com/fl/palm-bay/198-palm-bay-rd-ne,574357,c823396bad9781c4c8d8009eb52d556b1fe0aa7966fa6231264c62a1f73c83c6,1,,,,,,,0,,,,,,0,FIELD_NOT_FOUND,,2026-07-12T22:52:19.643788+00:00
FL,panama-city,104-south-tyndall-parkway,https://locations.7brew.com/fl/panama-city/104-south-tyndall-parkway,200,https://locations.7brew.com/fl/panama-city/104-south-tyndall-parkway,111836,be80edf2857c10b767c8a4bf9deb32e0bec7ec5ce63099626da5a1aadd48fc24,1,,0and%20a%20smile.%20Visit%20our%20drive-thru%20today%20at%20104%20South%20Tyndall%20Parkway%22%2C%22c_openDate%22%3A%222025-05-12%22%2C%22c_pageTitle%22%3A%22Drive-Thru%20Coffee%20in%20Panama%20City%2C%20FL%20%7C%20Visit%207%20Brew%20at%20104%20South%20Tyndall%20Parkway%22%2C%22c_pagesURL%22%3A%22https%3A%2F%2Flocations.7brew.com%2Ffl%2Fpanama-city%2F104-south-tyndall-parkway%22%2C%22c_promoBanner1%22%3A%7B%22button%22%3A%7B%22label%22%3A%22Apply%20Today%22%2C%22link%22%3A%22https%3A%2F%2F7crew.,2025-05-12,offset:35985,raw_layer[0],2025-05-12,24,,,,,,0,FOUND,,2026-07-12T22:52:19.998928+00:00
FL,panama-city,2105-n-mlk-blvd,https://locations.7brew.com/fl/panama-city/2105-n-mlk-blvd,200,https://locations.7brew.com/fl/panama-city/2105-n-mlk-blvd,596365,8d562609b6b759c107c6854e793146ebc9ae258dabf21a53e0386e474e560850,1,,%20speed%20and%20a%20smile.%20Visit%20our%20drive-thru%20today%20at%202105%20N%20MLK%20Blvd%22%2C%22c_openDate%22%3A%222026-05-04%22%2C%22c_pageTitle%22%3A%22Drive-Thru%20Coffee%20in%20Panama%20City%2C%20FL%20%7C%20Visit%207%20Brew%20at%202105%20N%20MLK%20Blvd%22%2C%22c_pagesURL%22%3A%22https%3A%2F%2Flocations.7brew.com%2Ffl%2Fpanama-city%2F2105-n-mlk-blvd%22%2C%22c_promoBanner1%22%3A%7B%22button%22%3A%7B%22label%22%3A%22Apply%20Today%22%2C%22link%22%3A%22https%3A%2F%2F7crew.7brewcareers.com%2F%,2026-05-04,offset:39874,raw_layer[0],2026-05-04,24,,,,,,0,FOUND,,2026-07-12T22:52:20.789354+00:00
FL,pensacola,300-e-nine-mile-rd,https://locations.7brew.com/fl/pensacola/300-e-nine-mile-rd,200,https://locations.7brew.com/fl/pensacola/300-e-nine-mile-rd,546305,9b1c74442e715b3ae47e8d102fc983e0ef959f79dc03c8bcabd816a2fd16e8cf,1,,eed%20and%20a%20smile.%20Visit%20our%20drive-thru%20today%20at%20300%20E%20Nine%20Mile%20Rd%22%2C%22c_openDate%22%3A%222026-02-09%22%2C%22c_pageTitle%22%3A%22Drive-Thru%20Coffee%20in%20Pensacola%2C%20FL%20%7C%20Visit%207%20Brew%20at%20300%20E%20Nine%20Mile%20Rd%22%2C%22c_pagesURL%22%3A%22https%3A%2F%2Flocations.7brew.com%2Ffl%2Fpensacola%2F300-e-nine-mile-rd%22%2C%22c_promoBanner1%22%3A%7B%22button%22%3A%7B%22label%22%3A%22Apply%20Today%22%2C%22link%22%3A%22https%3A%2F%2F7crew.7brewcareers.com%2,2026-02-09,offset:39529,raw_layer[0],2026-02-09,24,,,,,,0,FOUND,,2026-07-12T22:52:21.574526+00:00
FL,pensacola,5305-n-davis,https://locations.7brew.com/fl/pensacola/5305-n-davis,200,https://locations.7brew.com/fl/pensacola/5305-n-davis,491695,37e4609385dfc4e24b7a3aab719a83e7009e2ca8aae452d9201fc493d653bce2,1,,,,,,,0,,,,,,0,FIELD_NOT_FOUND,,2026-07-12T22:52:22.478780+00:00
FL,pensacola,6881-north-9th-avenue,https://locations.7brew.com/fl/pensacola/6881-north-9th-avenue,200,https://locations.7brew.com/fl/pensacola/6881-north-9th-avenue,527450,f22c913112fb4b18dc486ebc10add7ecabcdd96a9874a88f5382392c4a8df208,1,,ed%20and%20a%20smile.%20Visit%20our%20drive-thru%20today%20at%206881%20North%209th%20Avenue%22%2C%22c_openDate%22%3A%222025-10-20%22%2C%22c_pageTitle%22%3A%22Drive-Thru%20Coffee%20in%20Pensacola%2C%20FL%20%7C%20Visit%207%20Brew%20at%206881%20North%209th%20Avenue%22%2C%22c_pagesURL%22%3A%22https%3A%2F%2Flocations.7brew.com%2Ffl%2Fpensacola%2F6881-north-9th-avenue%22%2C%22c_promoBanner1%22%3A%7B%22button%22%3A%7B%22label%22%3A%22Apply%20Today%22%2C%22link%22%3A%22https%3A%2F%2F7crew.7brewcareers.c,2025-10-20,offset:39714,raw_layer[0],2025-10-20,32,,,,,,0,FOUND,,2026-07-12T22:52:23.356760+00:00
FL,port-charlotte,4265-tamiami-trl,https://locations.7brew.com/fl/port-charlotte/4265-tamiami-trl,200,https://locations.7brew.com/fl/port-charlotte/4265-tamiami-trl,481918,fd1873d2d94530cecfb755b2703c4ef19b77a00b33c2d1bc5c232807aa2262a7,1,,h%20speed%20and%20a%20smile.%20Visit%20our%20drive-thru%20today%20at%204265%20Tamiami%20Trl%22%2C%22c_openDate%22%3A%222025-09-29%22%2C%22c_pageTitle%22%3A%22Drive-Thru%20Coffee%20in%20Port%20Charlotte%2C%20FL%20%7C%20Visit%207%20Brew%20at%204265%20Tamiami%20Trl%22%2C%22c_pagesURL%22%3A%22https%3A%2F%2Flocations.7brew.com%2Ffl%2Fport-charlotte%2F4265-tamiami-trl%22%2C%22c_promoBanner1%22%3A%7B%22button%22%3A%7B%22label%22%3A%22Apply%20Today%22%2C%22link%22%3A%22https%3A%2F%2F7crew.7brewcareers.c,2025-09-29,offset:39412,raw_layer[0],2025-09-29,24,,,,,,0,FOUND,,2026-07-12T22:52:24.065811+00:00
FL,port-st.-lucie,1907-southwest-gatlin-boulevard,https://locations.7brew.com/fl/port-st.-lucie/1907-southwest-gatlin-boulevard,200,https://locations.7brew.com/fl/port-st.-lucie/1907-southwest-gatlin-boulevard,123613,1f97844736884aa8112e56bf7c6bd8b44d17545b74da878fc26380d2a0d3f01e,1,,0a%20smile.%20Visit%20our%20drive-thru%20today%20at%201907%20Southwest%20Gatlin%20Boulevard%22%2C%22c_openDate%22%3A%222025-12-08%22%2C%22c_pageTitle%22%3A%22Drive-Thru%20Coffee%20in%20Port%20St.%20Lucie%2C%20FL%20%7C%20Visit%207%20Brew%20at%201907%20Southwest%20Gatlin%20Boulevard%22%2C%22c_pagesURL%22%3A%22https%3A%2F%2Flocations.7brew.com%2Ffl%2Fport-st.-lucie%2F1907-southwest-gatlin-boulevard%22%2C%22c_promoBanner1%22%3A%7B%22button%22%3A%7B%22label%22%3A%22Apply%20Today%22%2C%22link%22%3A%22,2025-12-08,offset:40420,raw_layer[0],2025-12-08,24,,,,,,0,FOUND,,2026-07-12T22:52:24.468770+00:00
FL,rockledge,5450-murrell-rd,https://locations.7brew.com/fl/rockledge/5450-murrell-rd,200,https://locations.7brew.com/fl/rockledge/5450-murrell-rd,626066,016b8eab597a65b41948301e6deb3f9095ed4b89359ffe7afcf380ad231db2da,1,,,,,,,0,,,,,,0,FIELD_NOT_FOUND,,2026-07-12T22:52:25.309683+00:00
FL,spring-hill,1321-commercial-way,https://locations.7brew.com/fl/spring-hill/1321-commercial-way,200,https://locations.7brew.com/fl/spring-hill/1321-commercial-way,561152,adeca286fc4558e53a6a89197f70470a4a0e939fa85fc3fafdca49ebca2f292b,1,,0speed%20and%20a%20smile.%20Visit%20our%20drive-thru%20today%20at%201321%20Commercial%20Way%22%2C%22c_openDate%22%3A%222026-03-09%22%2C%22c_pageTitle%22%3A%22Drive-Thru%20Coffee%20in%20Spring%20Hill%2C%20FL%20%7C%20Visit%207%20Brew%20at%201321%20Commercial%20Way%22%2C%22c_pagesURL%22%3A%22https%3A%2F%2Flocations.7brew.com%2Ffl%2Fspring-hill%2F1321-commercial-way%22%2C%22c_promoBanner1%22%3A%7B%22button%22%3A%7B%22label%22%3A%22Apply%20Today%22%2C%22link%22%3A%22https%3A%2F%2F7crew.7brewcareers.c,2026-03-09,offset:39512,raw_layer[0],2026-03-09,32,,,,,,0,FOUND,,2026-07-12T22:52:26.320727+00:00
FL,tallahassee,2901-n-monroe,https://locations.7brew.com/fl/tallahassee/2901-n-monroe,200,https://locations.7brew.com/fl/tallahassee/2901-n-monroe,538860,091af299c7deca719a2eb741a7ccc1a98a9e4840d271b7897b484bcb83e23fb4,1,,,,,,,0,,,,,,0,FIELD_NOT_FOUND,,2026-07-12T22:52:27.060298+00:00
FL,tallahassee,3804-n-monroe-st,https://locations.7brew.com/fl/tallahassee/3804-n-monroe-st,200,https://locations.7brew.com/fl/tallahassee/3804-n-monroe-st,606168,9ef2cdb3adf9a310884b221c7fdda62f8d2102e7df7ec27afc8ced8838ed6b3f,1,,,,,,,0,,,,,,0,FIELD_NOT_FOUND,,2026-07-12T22:52:28.034299+00:00
FL,tampa,3603-west-hillsborough-avenue,https://locations.7brew.com/fl/tampa/3603-west-hillsborough-avenue,200,https://locations.7brew.com/fl/tampa/3603-west-hillsborough-avenue,492649,f0ebfcb6933dd6c9f9d1cf370c28c79a65d5a6a8ddd451f312e172b97bd59296,1,,%20a%20smile.%20Visit%20our%20drive-thru%20today%20at%203603%20West%20Hillsborough%20Avenue%22%2C%22c_openDate%22%3A%222025-10-20%22%2C%22c_pageTitle%22%3A%22Drive-Thru%20Coffee%20in%20Tampa%2C%20FL%20%7C%20Visit%207%20Brew%20at%203603%20West%20Hillsborough%20Avenue%22%2C%22c_pagesURL%22%3A%22https%3A%2F%2Flocations.7brew.com%2Ffl%2Ftampa%2F3603-west-hillsborough-avenue%22%2C%22c_promoBanner1%22%3A%7B%22button%22%3A%7B%22label%22%3A%22Apply%20Today%22%2C%22link%22%3A%22https%3A%2F%2F7crew.7brewc,2025-10-20,offset:35969,raw_layer[0],2025-10-20,32,,,,,,0,FOUND,,2026-07-12T22:52:28.926916+00:00
FL,west-palm-beach,2019-okeechobee-blvd,https://locations.7brew.com/fl/west-palm-beach/2019-okeechobee-blvd,200,https://locations.7brew.com/fl/west-palm-beach/2019-okeechobee-blvd,546481,7f803b721e8c37b8bd5e1847ba3fe412e464aa21145c59a21fc91b9d546c2b11,1,,,,,,,0,,,,,,0,FIELD_NOT_FOUND,,2026-07-12T22:52:29.762422+00:00
FL,winter-springs,1248-east-state-road-434,https://locations.7brew.com/fl/winter-springs/1248-east-state-road-434,200,https://locations.7brew.com/fl/winter-springs/1248-east-state-road-434,126313,f8c7f83cdadad4c2f9fccce45a19711b6674edba07768de806b09064eb4ca89d,1,,and%20a%20smile.%20Visit%20our%20drive-thru%20today%20at%201248%20East%20State%20Road%20434%22%2C%22c_openDate%22%3A%222026-07-20%22%2C%22c_pageTitle%22%3A%22Drive-Thru%20Coffee%20in%20Winter%20Springs%2C%20FL%20%7C%20Visit%207%20Brew%20at%201248%20East%20State%20Road%20434%22%2C%22c_pagesURL%22%3A%22https%3A%2F%2Flocations.7brew.com%2Ffl%2Fwinter-springs%2F1248-east-state-road-434%22%2C%22c_promoBanner1%22%3A%7B%22button%22%3A%7B%22label%22%3A%22Apply%20Today%22%2C%22link%22%3A%22https%3A%2F%2F,2026-07-20,offset:39825,raw_layer[0],2026-07-20,24,,,,,,0,FOUND,,2026-07-12T22:52:30.227697+00:00
